CDU_ID,GEO_CODE,GEO_LABEL,GEO_TYPE,GEO_TYP2,F105,F167,F168,F169,F170,F171,F173,F174,F175,F176,F177,F178,F179,F180,F181,F182,F183,F184,F185,F837,
,,,,,Age : Age 100 and over - Unit : Persons,Age : Total\ Age - Unit : Persons,Age : Age 0 to 4 - Unit : Persons,Age : Age 5 to 7 - Unit : Persons,Age : Age 8 to 9 - Unit : Persons,Age : Age 10 to 14 - Unit : Persons,Age : Age 16 to 17 - Unit : Persons,Age : Age 18 to 19 - Unit : Persons,Age : Age 20 to 24 - Unit : Persons,Age : Age 25 to 29 - Unit : Persons,Age : Age 30 to 44 - Unit : Persons,Age : Age 45 to 59 - Unit : Persons,Age : Age 60 to 64 - Unit : Persons,Age : Age 65 to 74 - Unit : Persons,Age : Age 75 to 84 - Unit : Persons,Age : Age 85 to 89 - Unit : Persons,Age : Age 90 and over - Unit : Persons,Age : Mean age - Unit : Persons,Age : Median age - Unit : Persons,Age : Age under 1 - Unit : Persons,
78,E06000001,Hartlepool,Local Authorities,LA,14,92028,5698,3202,1990,5653,2570,2451,5955,5622,16869,19326,5837,8174,5568,1323,533,39.82945,40,1097,
79,E06000002,Middlesbrough,Local Authorities,LA,15,138412,9431,5178,3098,8485,3747,4506,11690,9765,25414,27065,7531,10833,7393,1658,807,37.78762,37,1979,
80,E06000003,Redcar and Cleveland,Local Authorities,LA,20,135177,7553,4362,2736,7803,3608,3515,8092,7628,24120,28285,9511,14418,8721,2133,980,41.51965,43,1575,
81,E06000004,Stockton-on-Tees,Local Authorities,LA,14,191610,12322,6824,4149,11457,5168,5296,12651,12602,37535,39652,11648,16102,10368,2429,1052,39.07663,39,2477,
82,E06000005,Darlington,Local Authorities,LA,28,105564,6579,3790,2284,6224,2721,2357,6071,6607,20917,21560,6685,9717,6172,1740,810,40.2098,41,1344,
83,E06000006,Halton,Local Authorities,LA,16,125746,8354,4563,2820,7577,3339,3130,8024,8141,25004,26192,8508,10370,6132,1349,630,38.8502,39,1722,
84,E06000007,Warrington,Local Authorities,LA,37,202228,12309,7003,4552,12296,5259,4657,12088,12503,42327,41988,12441,18198,10294,2498,1224,39.49586,40,2459,
85,E06000008,Blackburn with Darwen,Local Authorities,LA,19,147489,11278,6386,4092,10322,4278,3651,9718,10951,30862,26717,7884,10356,6360,1547,798,36.2338,35,2169,
86,E06000009,Blackpool,Local Authorities,LA,40,142065,8218,4652,2784,8052,3487,3501,8529,8580,26854,29094,9415,14353,9148,2431,1307,41.33272,42,1673,
87,E06000010,"Kingston upon Hull, City of",Local Authorities,LA,42,256406,17358,8754,5220,13944,6413,7913,24040,20274,52108,47717,13844,18301,12788,3166,1476,37.47216,36,3599,
88,E06000011,East Riding of Yorkshire,Local Authorities,LA,88,334179,16400,9990,6640,18625,8229,7976,15779,15073,60345,72406,27070,38716,23720,5947,3072,43.48781,45,3142,
89,E06000012,North East Lincolnshire,Local Authorities,LA,42,159616,10005,5546,3420,9264,4119,4148,10521,9987,29802,32277,10236,14733,9813,2469,1272,40.19397,41,2055,
90,E06000013,North Lincolnshire,Local Authorities,LA,26,167446,10282,5782,3595,9550,4217,3806,9522,9969,31667,35433,11452,16263,10012,2542,1222,40.7993,42,1997,
91,E06000014,York,Local Authorities,LA,41,198051,10677,5747,3601,9712,4179,7879,19746,14159,38818,36363,11716,16929,11629,3200,1657,39.5221,38,2187,
92,E06000015,Derby,Local Authorities,LA,51,248752,17743,9329,5654,14857,6250,7385,20069,18211,51298,44608,12586,18884,13540,3564,1681,37.61231,36,3476,
93,E06000016,Leicester,Local Authorities,LA,53,329839,24297,12925,7855,20162,8608,11842,35406,29571,68167,55694,14056,18888,12936,3605,1787,34.80327,31,5091,
94,E06000017,Rutland,Local Authorities,LA,11,37369,1854,1129,721,2352,1434,831,1740,1907,6686,7521,2715,4218,2530,719,382,42.36702,43,339,
95,E06000018,Nottingham,Local Authorities,LA,42,305680,19959,10194,6235,15860,6818,16913,42766,26232,61519,47678,12626,17520,12877,3529,1626,34.78955,30,4085,
96,E06000019,"Herefordshire, County of",Local Authorities,LA,48,183477,9580,5550,3630,10494,4519,3904,9431,9681,32849,38958,13604,20496,13196,3535,1789,42.97913,44,2020,
97,E06000020,Telford and Wrekin,Local Authorities,LA,22,166641,11344,6185,3822,10594,4675,4565,10863,10888,34329,33021,10010,13928,7481,1771,909,38.06539,38,2280,
98,E06000021,Stoke-on-Trent,Local Authorities,LA,34,249008,17092,8935,5254,14260,6233,6977,19089,18156,49752,46896,14721,20984,13119,3296,1419,38.45328,38,3557,
99,E06000022,Bath and North East Somerset,Local Authorities,LA,65,176016,9238,5192,3508,9568,4125,7086,15995,10141,32400,34073,10802,15928,10981,3249,1659,40.31044,40,1836,
100,E06000023,"Bristol, City of",Local Authorities,LA,77,428234,29633,14371,8466,21703,8922,13711,44371,40752,95160,70787,20078,27725,19235,5798,3114,36.45731,33,6459,
101,E06000024,North Somerset,Local Authorities,LA,82,202566,11653,6681,4343,11579,4749,4181,9491,10363,38286,41557,14654,22071,14043,4175,2344,42.61695,44,2307,
102,E06000025,South Gloucestershire,Local Authorities,LA,70,262767,15925,8967,5641,15858,6958,7102,15458,15606,53974,53582,15748,24040,14835,3648,1886,39.81716,40,3101,
103,E06000026,Plymouth,Local Authorities,LA,58,256384,15336,7956,4991,13645,6011,8839,24343,18888,48662,47904,15140,21999,14098,3639,1979,38.96015,38,3182,
104,E06000027,Torbay,Local Authorities,LA,65,130959,6690,3851,2426,7092,3120,2839,6779,6700,22055,26774,10169,15564,10219,3190,1881,44.17619,46,1345,
105,E06000028,Bournemouth,Local Authorities,LA,84,183491,10275,4862,2999,8399,3517,6141,17130,14935,39070,31930,10190,14661,11504,3834,2312,39.98042,38,2193,
106,E06000029,Poole,Local Authorities,LA,45,147645,8450,4687,2896,7924,3557,3361,8180,8712,28855,29335,9828,14563,10676,3167,1752,42.11806,42,1749,
107,E06000030,Swindon,Local Authorities,LA,29,209156,14083,7551,4722,12433,5141,4690,12859,15075,48338,41827,10990,15160,9899,2616,1179,38.06019,38,2945,
108,E06000031,Peterborough,Local Authorities,LA,21,183631,13904,7088,4336,11349,4741,4298,12502,15046,40315,33333,9382,12701,8829,2258,1090,36.91632,35,2905,
109,E06000032,Luton,Local Authorities,LA,28,203201,16592,8809,5412,13211,5425,5404,16621,18812,43926,34030,8346,12644,8440,1877,920,34.75405,32,3391,
110,E06000033,Southend-on-Sea,Local Authorities,LA,52,173658,11213,5783,3715,10194,4322,3730,9832,11282,36929,33309,10419,15184,10548,3223,1843,40.18441,40,2212,
111,E06000034,Thurrock,Local Authorities,LA,16,157705,12005,6428,3803,9949,4117,3623,9804,11162,36566,29375,8739,10738,6657,1844,782,36.83433,36,2456,
112,E06000035,Medway,Local Authorities,LA,40,263925,17224,9732,6235,16765,7463,8110,19041,17581,54321,51536,15454,20652,11946,2915,1492,37.74181,37,3454,
113,E06000036,Bracknell Forest,Local Authorities,LA,9,113205,8027,4218,2527,7082,3198,2425,6349,7721,26631,23439,5833,7520,4742,1247,638,37.42058,37,1585,
114,E06000037,West Berkshire,Local Authorities,LA,23,153822,10065,5512,3505,9914,4303,3235,7341,8506,33010,32957,9753,12949,7590,2065,1022,39.43545,40,2075,
115,E06000038,Reading,Local Authorities,LA,34,155698,11937,5463,3093,7968,3279,4875,14574,15113,38506,25030,6373,9058,6132,1704,938,35.344,33,2601,
116,E06000039,Slough,Local Authorities,LA,16,140205,12777,6276,3718,9034,3664,3155,9574,13351,35902,23015,5160,6637,4505,1103,579,33.4753,32,2663,
117,E06000040,Windsor and Maidenhead,Local Authorities,LA,26,144560,9365,5252,3332,8863,3910,2585,7111,8841,31949,28735,8692,12424,8164,2243,1246,39.75173,40,1835,
118,E06000041,Wokingham,Local Authorities,LA,33,154380,10031,5758,3793,9740,4090,3349,7428,8071,33741,33116,9426,13052,7791,1896,1050,39.35979,40,2009,
119,E06000042,Milton Keynes,Local Authorities,LA,39,248821,19908,10263,6205,15805,6339,5170,14056,19596,59548,48040,13169,15467,8494,2371,1179,36.05791,35,4177,
120,E06000043,Brighton and Hove,Local Authorities,LA,69,273369,15015,8186,5105,13412,5602,9810,28129,22998,65653,48426,12714,17460,12248,3758,2226,37.44373,35,3083,
121,E06000044,Portsmouth,Local Authorities,LA,35,205056,13548,6970,4061,10927,4628,9034,22761,16991,41524,35086,9820,13861,9210,2792,1549,36.4946,34,2820,
122,E06000045,Southampton,Local Authorities,LA,41,236882,15407,7406,4441,11555,4801,10602,29384,21785,48888,38352,10946,15443,10661,3084,1588,36.11545,32,3385,
123,E06000046,Isle of Wight,Local Authorities,LA,52,138265,6412,3945,2597,7968,3492,2944,6808,6690,23176,28531,10994,17112,10772,3257,1813,44.44724,46,1254,
124,E06000047,County Durham,Local Authorities,LA,80,513242,28574,15818,9841,27869,12107,15278,35155,30628,96150,108200,35395,50883,30635,7321,3506,40.97188,42,5884,
125,E06000048,Northumberland,Local Authorities,LA,81,316028,16003,9863,6482,17677,7631,6992,16224,16187,56156,71135,24533,34366,21018,5233,2687,42.79025,45,3148,
126,E06000049,Cheshire East,Local Authorities,LA,82,370127,20194,12057,7687,21383,9249,8398,18615,19020,72047,79230,26443,37951,23733,6347,3341,41.96989,43,3990,
127,E06000050,Cheshire West and Chester,Local Authorities,LA,63,329608,18050,10742,6701,18737,7904,8296,19511,18796,64058,69122,22686,32782,20387,5215,2716,41.33889,42,3552,
128,E06000051,Shropshire,Local Authorities,LA,75,306129,15698,9392,6240,17915,8113,6933,16619,15619,55358,64738,22300,34212,20680,5571,2836,42.56096,44,3097,
129,E06000054,Wiltshire,Local Authorities,LA,100,470981,28373,16588,10611,29276,12432,10645,24720,25471,91597,98414,31246,45070,28456,7725,4237,40.80416,42,5638,
130,E06000055,Bedford,Local Authorities,LA,26,157479,10099,5742,3634,9955,4267,4005,9640,10134,32838,30816,9303,12761,8680,2297,1130,38.91516,39,2024,
131,E06000056,Central Bedfordshire,Local Authorities,LA,19,254381,16009,9162,5805,15480,6571,5441,13598,14484,53597,54730,16292,21945,13232,3175,1537,39.64802,40,3179,
132,E07000004,Aylesbury Vale,Local Authorities,LA,30,174137,11345,6475,4069,11267,4734,3736,8763,9872,37160,37525,10741,14209,8476,2173,1178,39.11852,40,2246,
133,E07000005,Chiltern,Local Authorities,LA,28,92635,5473,3510,2350,6339,2524,1751,3693,3706,17124,20649,6264,9332,6141,1635,860,41.62361,44,1084,
134,E07000006,South Bucks,Local Authorities,LA,18,66867,3931,2291,1526,4090,1736,1333,3114,3414,12723,14647,4283,6552,4478,1234,687,41.75097,43,712,
135,E07000007,Wycombe,Local Authorities,LA,28,171644,11083,6523,4195,10856,4502,4126,10404,10615,36390,33600,9954,14597,9154,2245,1200,38.8716,39,2255,
136,E07000008,Cambridge,Local Authorities,LA,28,123867,6703,3186,1887,5006,2446,6714,18076,13341,27507,18349,4973,6877,5028,1682,1014,35.56456,31,1482,
137,E07000009,East Cambridgeshire,Local Authorities,LA,20,83818,5506,3098,1918,4812,2004,1547,4110,4895,18271,16878,5469,7540,4867,1244,656,40.19086,40,1167,
138,E07000010,Fenland,Local Authorities,LA,15,95262,5221,2889,1952,5525,2391,2024,5353,5597,17850,19332,6616,10095,6698,1690,836,42.06939,43,1061,
139,E07000011,Huntingdonshire,Local Authorities,LA,20,169508,10098,5860,3844,10361,4309,3821,9507,9805,35342,35671,11402,15489,8457,2186,1168,39.91671,41,1993,
140,E07000012,South Cambridgeshire,Local Authorities,LA,24,148755,9300,5483,3578,9106,3789,2999,7148,8083,31957,30908,9756,13139,8166,2244,1153,40.08003,41,1768,
141,E07000026,Allerdale,Local Authorities,LA,23,96422,4921,2786,1920,5470,2501,2119,4610,4808,17560,20920,7604,10856,6622,1687,868,43.12696,45,995,
142,E07000027,Barrow-in-Furness,Local Authorities,LA,10,69087,3719,2204,1437,4022,1872,1710,3988,3924,13124,14412,4811,7262,4118,984,591,41.34733,42,668,
143,E07000028,Carlisle,Local Authorities,LA,19,107524,6064,3449,2066,5702,2491,2898,6536,6685,20573,22715,7247,10386,6827,1782,902,41.34703,42,1267,
144,E07000029,Copeland,Local Authorities,LA,16,70603,3695,2182,1385,3870,1752,1592,3826,3978,13107,15777,5227,7443,4414,1019,478,42.06713,44,738,
145,E07000030,Eden,Local Authorities,LA,16,52564,2383,1608,991,2947,1166,1150,2442,2323,9216,11807,4343,6288,3803,978,460,44.12301,46,446,
146,E07000031,South Lakeland,Local Authorities,LA,38,103658,4466,2822,1907,5438,2594,1956,4272,4571,17729,22744,8790,13175,8417,2295,1234,45.43461,48,828,
147,E07000032,Amber Valley,Local Authorities,LA,28,122309,6404,3771,2616,7202,3162,2668,6233,6439,24289,26092,9179,12496,7232,1981,1070,41.84085,43,1286,
148,E07000033,Bolsover,Local Authorities,LA,7,75866,4275,2492,1511,4379,1956,1765,4267,4564,15164,15660,5032,7537,4505,1136,606,40.96935,42,861,
149,E07000034,Chesterfield,Local Authorities,LA,15,103788,5778,3132,1939,6041,2747,2427,5784,6071,20546,21773,6956,10105,6408,1918,860,41.40656,42,1180,
150,E07000035,Derbyshire Dales,Local Authorities,LA,29,71116,3077,2169,1475,4208,1733,1411,3008,2719,12027,16499,6075,8506,5134,1438,749,44.53302,47,574,
151,E07000036,Erewash,Local Authorities,LA,16,112081,6527,3637,2298,6188,2945,2600,6714,6407,22876,23199,7211,10657,6704,1714,921,40.7713,41,1331,
152,E07000037,High Peak,Local Authorities,LA,18,90892,4961,2986,1905,5487,2339,2279,5059,4643,17591,20405,6431,8642,5059,1262,706,41.06343,43,963,
153,E07000038,North East Derbyshire,Local Authorities,LA,13,99023,4799,2977,1932,5370,2471,2239,5020,4764,18062,21570,7655,11679,6707,1674,858,43.2683,45,875,
154,E07000039,South Derbyshire,Local Authorities,LA,7,94611,5724,3464,2145,6082,2527,2061,4873,5400,20506,19685,6231,8167,4726,1153,581,39.50237,40,1100,
155,E07000040,East Devon,Local Authorities,LA,61,132457,5846,3640,2374,7074,3121,2678,5517,5201,20553,26679,10907,18126,12877,4043,2300,46.85387,49,1179,
156,E07000041,Exeter,Local Authorities,LA,24,117773,6747,3453,2082,5329,2343,5957,14155,9027,23002,20166,6147,8747,6436,2011,1075,38.12102,35,1458,
157,E07000042,Mid Devon,Local Authorities,LA,18,77750,4498,2592,1651,4713,1941,1619,3675,3888,13848,16533,5831,8512,5163,1430,760,42.32952,44,895,
158,E07000043,North Devon,Local Authorities,LA,26,93667,5014,2930,1871,5286,2317,2070,4821,4565,16192,19366,7239,10937,6856,1911,1104,43.33698,45,1025,
159,E07000044,South Hams,Local Authorities,LA,22,83140,3677,2333,1624,4602,1979,1677,3648,3424,12777,19130,7479,10503,6462,1828,961,45.33772,48,741,
160,E07000045,Teignbridge,Local Authorities,LA,44,124220,5984,3670,2371,6966,3028,2638,5694,5432,20957,26993,9980,14749,9659,2997,1611,44.55843,47,1161,
161,E07000046,Torridge,Local Authorities,LA,16,63839,3157,1814,1277,3493,1559,1295,3025,2634,10503,13768,5559,8167,4851,1306,654,44.59161,47,627,
162,E07000047,West Devon,Local Authorities,LA,12,53553,2556,1590,1060,3055,1298,1043,2394,2244,8738,12058,4487,6679,3942,1119,650,44.58015,47,480,
163,E07000048,Christchurch,Local Authorities,LA,18,47752,2143,1360,854,2562,1071,897,2063,1882,7474,8994,3721,6543,5150,1620,874,47.13979,49,386,
164,E07000049,East Dorset,Local Authorities,LA,36,87166,3737,2457,1635,4702,1983,1740,3632,3013,13155,18360,7355,11809,8677,2526,1307,46.91669,49,676,
165,E07000050,North Dorset,Local Authorities,LA,13,68583,3647,2171,1400,4204,2043,1535,3402,3197,12109,13999,5146,7709,4940,1389,761,42.79874,44,654,
166,E07000051,Purbeck,Local Authorities,LA,15,44973,2114,1315,899,2428,1110,885,2165,1998,7385,9465,3723,5648,3767,1038,494,44.86952,47,408,
167,E07000052,West Dorset,Local Authorities,LA,48,99264,4343,2633,1882,5579,2626,1954,4300,3607,15208,21220,8343,13101,9027,2620,1530,46.18967,49,833,
168,E07000053,Weymouth and Portland,Local Authorities,LA,19,65167,3349,1928,1309,3548,1560,1608,3888,3394,11593,13732,4916,7180,4531,1242,662,42.82866,44,692,
169,E07000061,Eastbourne,Local Authorities,LA,54,99412,5327,2978,1889,5380,2487,2617,6093,6063,18195,18294,6639,10085,8020,2586,1612,42.83426,43,1085,
170,E07000062,Hastings,Local Authorities,LA,31,90254,5570,2925,1847,5317,2358,2294,5769,5621,17677,18276,6092,7949,5036,1515,901,40.22524,41,1142,
171,E07000063,Lewes,Local Authorities,LA,33,97502,5052,3158,2071,5551,2366,2077,4679,4596,16907,20541,7214,10889,7731,2232,1302,43.7352,45,966,
172,E07000064,Rother,Local Authorities,LA,66,90588,3999,2488,1608,5119,2237,1786,3632,3377,13026,18576,7962,12265,8874,2836,1788,47.16723,50,818,
173,E07000065,Wealden,Local Authorities,LA,55,148915,7508,4866,3234,9023,3837,3130,6306,6161,24958,32294,11615,17578,11470,3180,1914,43.98471,46,1383,
174,E07000066,Basildon,Local Authorities,LA,24,174497,11405,6537,4128,10891,4625,4075,10089,10936,36700,34388,10497,14485,9868,2375,1160,39.06526,39,2211,
175,E07000067,Braintree,Local Authorities,LA,34,147084,9467,5345,3384,8943,3640,3182,7957,8373,30487,30079,9967,13033,7872,2258,1250,40.01403,41,1877,
176,E07000068,Brentwood,Local Authorities,LA,13,73601,3926,2452,1605,4585,2068,1509,3648,3819,14615,15648,4759,6893,4966,1453,737,41.63916,43,726,
177,E07000069,Castle Point,Local Authorities,LA,14,88011,4173,2643,1752,5188,2317,2047,4740,4212,15612,18077,7136,10485,6202,1532,782,43.18186,45,809,
178,E07000070,Chelmsford,Local Authorities,LA,29,168310,9994,5784,3747,9747,4415,3804,9875,10643,35162,34114,10972,14708,9538,2495,1277,40.05206,40,1982,
179,E07000071,Colchester,Local Authorities,LA,33,173074,10647,5841,3562,9606,4134,5586,13886,11947,35620,32104,10842,14443,9147,2398,1320,38.89722,38,2188,
180,E07000072,Epping Forest,Local Authorities,LA,24,124659,7366,4193,2638,7235,3094,2771,6663,6624,25542,26169,8295,11464,7743,2178,1165,41.08944,42,1474,
181,E07000073,Harlow,Local Authorities,LA,11,81944,6020,3045,1872,4929,2196,1831,4858,5970,17699,16059,4143,5913,4783,1085,524,38.20165,37,1178,
182,E07000074,Maldon,Local Authorities,LA,16,61629,3027,1924,1337,3726,1533,1218,2883,2480,11430,13785,5101,6976,3879,916,603,43.02382,45,581,
183,E07000075,Rochford,Local Authorities,LA,8,83287,4369,2608,1760,5141,2221,1771,4138,3729,16073,17554,6106,8833,5725,1435,686,42.32705,44,836,
184,E07000076,Tendring,Local Authorities,LA,51,138048,6753,3940,2562,7671,3380,2963,6709,5672,21166,26984,11348,18828,12797,3653,1995,45.70375,48,1339,
185,E07000077,Uttlesford,Local Authorities,LA,26,79443,4649,2983,1949,5339,2288,1635,3601,3602,15754,17614,5330,7262,4406,1193,714,40.56175,42,915,
186,E07000078,Cheltenham,Local Authorities,LA,21,115732,6486,3483,2206,6201,2874,3334,9185,9324,24033,21544,6385,9411,6592,2161,1165,39.50158,38,1357,
187,E07000079,Cotswold,Local Authorities,LA,26,82881,3929,2459,1667,4746,2001,1858,3837,3416,14629,18529,6379,9426,6281,1816,966,44.15487,46,745,
188,E07000080,Forest of Dean,Local Authorities,LA,14,81961,4055,2480,1639,4779,2409,2048,4200,3601,14337,17985,6381,9380,5374,1455,777,42.95749,45,796,
189,E07000081,Gloucester,Local Authorities,LA,17,121688,8239,4324,2789,7274,3199,3173,8402,8720,25613,23774,6585,9476,6092,1708,789,38.21905,38,1699,
190,E07000082,Stroud,Local Authorities,LA,26,112779,6113,3657,2509,6791,3055,2372,5246,4910,21447,24952,8292,11681,7232,2015,1049,42.29323,44,1154,
191,E07000083,Tewkesbury,Local Authorities,LA,20,81943,4616,2656,1671,4688,1936,1578,4088,4023,15980,17527,5717,8836,5405,1516,752,42.36333,44,934,
192,E07000084,Basingstoke and Deane,Local Authorities,LA,21,167799,11355,6085,3862,10369,4087,3342,8910,11034,37514,34720,10189,13447,7806,1945,953,38.68223,39,2357,
193,E07000085,East Hampshire,Local Authorities,LA,30,115608,6209,3874,2638,7305,3252,2516,5382,5101,21265,25964,8236,11806,7313,2045,1139,42.02593,44,1187,
194,E07000086,Eastleigh,Local Authorities,LA,28,125199,7737,4317,2666,7399,3205,2724,7269,7295,25844,26240,8074,10931,7110,1838,952,40.10923,41,1536,
195,E07000087,Fareham,Local Authorities,LA,22,111581,5578,3506,2292,6696,2874,2453,5761,5406,21043,24004,7836,11821,7878,2024,1053,42.57809,44,1087,
196,E07000088,Gosport,Local Authorities,LA,19,82622,5425,2930,1795,4936,2061,1915,4979,5405,16326,16438,5172,7203,4912,1327,664,39.76149,40,1085,
197,E07000089,Hart,Local Authorities,LA,13,91033,5663,3527,2207,5795,2308,1720,4261,4542,19628,19323,5881,8424,4752,1209,633,40.00172,41,1100,
198,E07000090,Havant,Local Authorities,LA,28,120684,6710,3944,2448,7195,3145,2890,6798,6444,21001,24908,8196,12865,9134,2254,1172,42.27235,44,1305,
199,E07000091,New Forest,Local Authorities,LA,68,176462,8592,5100,3412,9665,3988,3559,8146,7544,29185,37061,13889,21426,15384,4681,2651,45.20522,47,1722,
200,E07000092,Rushmoor,Local Authorities,LA,19,93807,6747,3550,2018,5440,2532,2286,6682,7282,22579,17438,4611,6242,3626,1015,561,36.62632,36,1407,
201,E07000093,Test Valley,Local Authorities,LA,24,116398,6711,4014,2582,7117,3051,2470,5694,5399,22666,25414,8323,11635,6925,1826,1011,41.39841,43,1322,
202,E07000094,Winchester,Local Authorities,LA,40,116595,6580,3971,2526,6953,3253,3426,7517,5635,22010,23818,7672,11164,7332,2069,1214,40.93251,42,1246,
203,E07000095,Broxbourne,Local Authorities,LA,8,93609,6175,3409,2141,5903,2459,2240,5620,5671,19809,18406,5349,8045,5436,1246,569,39.12514,39,1266,
204,E07000096,Dacorum,Local Authorities,LA,33,144847,9718,5139,3269,8862,3802,3037,7919,8671,30941,30356,8374,11310,8198,2267,1108,39.41183,40,2028,
205,E07000097,East Hertfordshire,Local Authorities,LA,32,137687,8299,5003,3254,9096,3987,2755,6411,7328,30451,29608,8346,11207,7248,1824,974,39.54385,40,1746,
206,E07000098,Hertsmere,Local Authorities,LA,15,100031,6707,3673,2296,6212,2721,2094,5869,6099,20683,20269,5778,7998,5674,1748,908,39.35615,39,1318,
207,E07000099,North Hertfordshire,Local Authorities,LA,28,127114,8027,4559,2842,7669,3217,2524,6126,7582,27517,25953,7758,10833,7501,2215,1162,40.18275,40,1599,
208,E07000100,St Albans,Local Authorities,LA,22,140664,10296,5629,3453,8926,3641,2561,6342,7831,32409,28120,7910,11049,7533,2092,1102,38.86361,39,2013,
209,E07000101,Stevenage,Local Authorities,LA,14,83957,5906,3064,1907,5100,2299,2178,5448,6089,17773,17053,4154,5994,4331,1035,512,37.81496,37,1247,
210,E07000102,Three Rivers,Local Authorities,LA,30,87317,5433,3190,2059,5673,2333,1823,4357,4716,18269,18301,5314,7327,5167,1425,787,40.02636,41,1081,
211,E07000103,Watford,Local Authorities,LA,18,90301,6730,3353,2083,5298,2145,2013,5711,8053,22469,16155,3996,5743,3829,1013,566,36.45739,35,1460,
212,E07000104,Welwyn Hatfield,Local Authorities,LA,19,110535,6775,3693,2340,6085,2703,4251,11436,7765,21442,20333,5500,8084,6331,1655,869,37.96391,36,1376,
213,E07000105,Ashford,Local Authorities,LA,36,117956,7771,4361,2997,7838,3164,2879,6245,6470,23590,23416,7679,10809,6426,1792,941,39.58897,40,1497,
214,E07000106,Canterbury,Local Authorities,LA,41,151145,7514,4533,2973,8393,3656,7892,16222,8658,24642,26800,9656,14341,9540,2921,1643,40.00412,39,1547,
215,E07000107,Dartford,Local Authorities,LA,18,97365,6765,3731,2248,5922,2461,2187,6199,7081,21841,18528,5093,7098,4977,1240,637,37.8461,37,1428,
216,E07000108,Dover,Local Authorities,LA,24,111674,6259,3567,2312,6657,2959,2549,5844,5891,19935,23463,8224,11921,7403,2022,1171,42.14824,44,1243,
217,E07000109,Gravesham,Local Authorities,LA,18,101720,6647,3894,2381,6529,2942,2476,6502,6618,20673,19589,5874,8517,5725,1348,700,38.72942,39,1302,
218,E07000110,Maidstone,Local Authorities,LA,29,155143,9553,5406,3379,9443,4017,3368,8633,9641,31704,31398,10201,14269,8731,2285,1229,40.13681,41,1970,
219,E07000111,Sevenoaks,Local Authorities,LA,29,114893,6976,4261,2672,7093,3180,2287,5232,5234,22377,24316,8188,11284,7446,1908,1029,41.37833,43,1357,
220,E07000112,Shepway,Local Authorities,LA,29,107969,5996,3333,2242,6331,2796,2487,6200,5591,19532,21597,8142,11593,7413,2141,1268,42.36877,43,1194,
221,E07000113,Swale,Local Authorities,LA,16,135835,8747,4799,3173,8780,3664,3249,7790,8180,26342,27467,9224,12691,7273,1744,915,39.60567,40,1774,
222,E07000114,Thanet,Local Authorities,LA,42,134186,8093,4436,2805,8570,3473,3394,7396,7320,23092,25887,9581,14309,9571,2866,1667,41.93821,43,1634,
223,E07000115,Tonbridge and Malling,Local Authorities,LA,25,120805,7447,4665,3003,8169,3644,2734,5841,5804,24880,24898,7593,11041,6950,1580,856,39.79988,41,1377,
224,E07000116,Tunbridge Wells,Local Authorities,LA,32,115049,7308,4242,2734,7671,3303,2290,5575,6809,24278,23124,7029,9644,6493,1836,1102,39.64666,40,1429,
225,E07000117,Burnley,Local Authorities,LA,22,87059,5847,3211,1956,5040,2221,2229,5574,5751,16979,17186,5841,7595,4606,1276,657,39.35515,39,1169,
226,E07000118,Chorley,Local Authorities,LA,16,107155,6203,3714,2249,6076,2558,2202,6122,6210,22338,22475,7665,10381,5420,1407,754,40.53112,41,1233,
227,E07000119,Fylde,Local Authorities,LA,20,75757,3612,2157,1420,4008,1743,1541,3393,3591,12978,16473,5695,9130,6516,1771,926,44.93044,47,725,
228,E07000120,Hyndburn,Local Authorities,LA,13,80734,5427,3084,1918,5057,2170,1954,5041,5287,16329,15448,5054,7073,4183,1043,510,38.72979,39,1041,
229,E07000121,Lancaster,Local Authorities,LA,43,138375,7232,3956,2511,7714,3260,6456,13194,7969,24291,26135,8735,13256,8572,2348,1189,40.17263,40,1531,
230,E07000122,Pendle,Local Authorities,LA,17,89452,6362,3403,2060,5359,2190,2155,5722,6301,17425,17009,5976,7662,4786,1292,610,38.90371,39,1328,
231,E07000123,Preston,Local Authorities,LA,26,140202,9323,4933,3005,7940,3334,5536,14062,10750,28116,25294,7084,9909,6788,1748,801,36.92838,35,1899,
232,E07000124,Ribble Valley,Local Authorities,LA,16,57132,2881,1819,1284,3805,1552,1215,2685,2414,10173,12731,4251,6264,3788,965,514,42.52716,44,530,
233,E07000125,Rossendale,Local Authorities,LA,9,67982,4329,2340,1563,4052,1849,1573,3869,3940,13955,14363,4721,5805,3385,914,437,39.64951,40,851,
234,E07000126,South Ribble,Local Authorities,LA,21,109057,6331,3615,2268,6359,2728,2424,6349,6290,21855,22595,7510,10707,6351,1629,725,40.82741,42,1275,
235,E07000127,West Lancashire,Local Authorities,LA,21,110685,5998,3594,2341,6685,2812,3557,7196,5447,19720,23219,7886,11764,6754,1558,799,41.20287,42,1161,
236,E07000128,Wyre,Local Authorities,LA,33,107749,5046,3154,2010,5788,2769,2510,5387,4869,17716,22429,8162,13821,9228,2429,1147,44.72554,47,938,
237,E07000129,Blaby,Local Authorities,LA,20,93915,5446,3263,2061,5590,2462,2189,4990,5005,18953,19503,6357,9099,5657,1447,672,40.85574,42,1052,
238,E07000130,Charnwood,Local Authorities,LA,32,166100,9120,5053,3226,8924,4209,6778,16121,10079,31145,31951,10333,14351,9255,2372,1284,39.33349,39,1930,
239,E07000131,Harborough,Local Authorities,LA,15,85382,4665,3028,1987,5527,2301,1714,3701,3700,16827,19139,6061,8470,5019,1389,713,41.55869,43,841,
240,E07000132,Hinckley and Bosworth,Local Authorities,LA,16,105078,5778,3377,2142,6014,2575,2117,5376,5767,20825,22572,7910,10574,6316,1674,769,41.71157,43,1205,
241,E07000133,Melton,Local Authorities,LA,12,50376,2786,1618,1067,3033,1275,1074,2535,2537,9620,11277,3662,4975,3019,863,400,41.72531,43,565,
242,E07000134,North West Leicestershire,Local Authorities,LA,8,93468,5477,3319,2102,5642,2311,1963,4739,4939,19181,19827,6599,8997,5143,1418,674,40.80034,42,1048,
243,E07000135,Oadby and Wigston,Local Authorities,LA,14,56170,2882,1711,1092,3370,1570,2680,3463,3023,10030,11274,3432,5325,4027,1019,516,41.00908,41,579,
244,E07000136,Boston,Local Authorities,LA,20,64637,3841,1980,1243,3527,1493,1421,3942,4372,12089,12821,4395,6773,4344,1096,529,41.51045,42,797,
245,E07000137,East Lindsey,Local Authorities,LA,26,136401,6202,3637,2362,7168,3170,2756,6433,5876,20773,28661,12310,19949,11436,2703,1351,45.82035,49,1239,
246,E07000138,Lincoln,Local Authorities,LA,24,93541,5514,2710,1593,4548,2057,4663,11198,7915,17846,16311,4874,6713,4547,1335,731,37.35352,34,1192,
247,E07000139,North Kesteven,Local Authorities,LA,17,107766,5483,3364,2220,6591,2684,2207,5068,5341,20442,22575,7891,12408,7303,1858,923,42.68263,44,1061,
248,E07000140,South Holland,Local Authorities,LA,30,88270,4488,2555,1740,4982,2080,1697,4523,4705,16121,17986,6579,10229,6853,1695,886,43.40679,45,904,
249,E07000141,South Kesteven,Local Authorities,LA,33,133788,7432,4279,2895,8262,3509,2779,6251,6809,25643,28870,9664,13794,8223,2379,1164,41.83578,43,1486,
250,E07000142,West Lindsey,Local Authorities,LA,18,89250,4391,2697,1811,5392,2415,2022,4141,3915,15576,19987,7068,10407,6061,1401,760,43.13601,45,847,
251,E07000143,Breckland,Local Authorities,LA,32,130491,7412,3917,2516,7411,3155,2749,7303,7334,23353,25704,9771,14807,9469,2544,1318,42.63489,44,1511,
252,E07000144,Broadland,Local Authorities,LA,26,124646,6053,3763,2476,7173,3064,2499,5482,5345,23158,26586,9707,14464,9521,2499,1332,43.90215,45,1163,
253,E07000145,Great Yarmouth,Local Authorities,LA,21,97277,5528,2977,1953,5584,2475,2279,5942,5731,16673,19049,7228,10857,6812,1812,890,42.08533,43,1144,
254,E07000146,King's Lynn and West Norfolk,Local Authorities,LA,35,147451,7970,4372,2889,7888,3523,2981,8069,8285,25570,29117,11253,17793,11584,3016,1448,43.47342,45,1667,
255,E07000147,North Norfolk,Local Authorities,LA,34,101499,4327,2470,1680,4954,2205,1911,4542,4279,14596,20861,9239,14820,10205,2682,1490,47.48964,51,925,
256,E07000148,Norwich,Local Authorities,LA,27,132512,8425,3953,2314,5809,2498,5134,15289,12794,28100,21128,6517,9242,6812,2134,1157,37.41697,34,1799,
257,E07000149,South Norfolk,Local Authorities,LA,29,124012,6816,3865,2512,7557,3202,2518,5357,5740,22839,25965,9573,14143,8888,2381,1111,43.00516,45,1341,
258,E07000150,Corby,Local Authorities,LA,4,61255,4519,2225,1385,3748,1578,1487,3924,4786,12903,12446,3201,4724,2732,634,222,37.4638,37,957,
259,E07000151,Daventry,Local Authorities,LA,9,77843,4350,2688,1834,4889,2120,1692,3797,3588,15477,17465,5715,7525,4062,1042,548,40.91335,43,803,
260,E07000152,East Northamptonshire,Local Authorities,LA,16,86765,5233,3197,1941,5589,2512,1929,4028,4250,17901,18107,6244,8035,4589,1280,701,40.37093,42,1013,
261,E07000153,Kettering,Local Authorities,LA,27,93475,6256,3504,2181,5564,2303,2029,4993,5797,20120,18359,6214,8105,4769,1384,736,39.45296,40,1214,
262,E07000154,Northampton,Local Authorities,LA,30,212069,15845,7848,4716,12138,5168,5659,15345,16950,47070,39044,11605,14841,9335,2653,1386,37.11433,36,3305,
263,E07000155,South Northamptonshire,Local Authorities,LA,20,85189,4771,3062,2139,5507,2176,1716,3589,3603,17424,19377,6340,8096,4497,1190,616,41.08237,43,876,
264,E07000156,Wellingborough,Local Authorities,LA,14,75356,5038,2755,1719,4595,1876,1620,4018,4645,15728,15042,5085,6803,3951,1069,511,39.6378,40,1032,
265,E07000163,Craven,Local Authorities,LA,18,55409,2528,1546,1146,3317,1394,1125,2403,2292,9384,12507,4446,6505,4216,1242,647,44.49057,47,477,
266,E07000164,Hambleton,Local Authorities,LA,20,89140,4348,2730,1806,5118,2123,1955,4431,4197,15243,19962,6887,10457,6367,1599,818,43.49638,46,775,
267,E07000165,Harrogate,Local Authorities,LA,47,157869,8677,5227,3481,9432,4132,3241,7384,8169,30555,33987,10674,15896,10382,2927,1689,42.00736,43,1711,
268,E07000166,Richmondshire,Local Authorities,LA,6,51965,2910,1647,1163,2949,1205,1726,4252,3467,9369,10060,3543,5030,2942,717,387,39.98029,40,619,
269,E07000167,Ryedale,Local Authorities,LA,10,51751,2385,1522,951,3024,1459,1059,2203,2085,8483,11508,4351,6433,4081,1000,538,44.62955,47,466,
270,E07000168,Scarborough,Local Authorities,LA,29,108793,5317,3092,1979,5718,2539,2716,6268,5367,17291,23181,8720,13311,8534,2259,1216,44.2117,46,1051,
271,E07000169,Selby,Local Authorities,LA,14,83449,4875,2741,1818,4852,2167,1812,4453,4346,16589,18761,6001,7702,4554,1147,603,40.88615,42,944,
272,E07000170,Ashfield,Local Authorities,LA,14,119497,7413,4076,2587,7181,2974,2829,7064,7104,24353,24556,7580,11577,6240,1623,798,39.95502,41,1586,
273,E07000171,Bassetlaw,Local Authorities,LA,16,112863,6105,3549,2277,6816,3072,2613,6021,6027,21537,24403,8088,11544,6842,1721,834,41.5337,43,1275,
274,E07000172,Broxtowe,Local Authorities,LA,16,109487,6163,3208,2093,5848,2710,2508,6722,6625,22072,22655,7548,10733,6704,1771,890,41.35045,42,1265,
275,E07000173,Gedling,Local Authorities,LA,31,113543,6470,3647,2339,6560,2892,2572,6002,6205,22610,24134,7755,11114,7175,1891,836,41.42488,42,1309,
276,E07000174,Mansfield,Local Authorities,LA,15,104466,6399,3376,2095,5852,2705,2535,6518,6799,20505,21927,6513,9653,6063,1527,703,40.23833,41,1353,
277,E07000175,Newark and Sherwood,Local Authorities,LA,27,114817,6317,3813,2454,6872,2912,2688,6061,5971,21858,24468,8214,11973,7083,1804,925,41.63494,43,1217,
278,E07000176,Rushcliffe,Local Authorities,LA,21,111129,6392,3790,2443,6621,2716,2562,6174,5320,22178,23767,7411,10627,6966,1931,899,41.24096,42,1162,
279,E07000177,Cherwell,Local Authorities,LA,25,141868,9819,5170,3126,8588,3541,3124,7590,9577,30974,28476,8441,11546,7334,1851,968,38.90646,39,1975,
280,E07000178,Oxford,Local Authorities,LA,20,151906,9251,4545,2861,7114,3200,8302,22554,17096,31340,21669,5924,8352,5591,1742,955,34.3159,29,2104,
281,E07000179,South Oxfordshire,Local Authorities,LA,38,134257,8213,4809,3034,8210,3262,2720,6214,7155,27580,28199,8722,13040,7965,2195,1180,40.90732,42,1703,
282,E07000180,Vale of White Horse,Local Authorities,LA,33,120988,7411,4128,2599,7367,3188,2613,5927,6959,24177,25262,7980,11371,7338,1979,1073,40.77874,41,1537,
283,E07000181,West Oxfordshire,Local Authorities,LA,22,104779,6362,3529,2230,6056,2530,2178,5308,6043,21209,21835,6947,10113,6409,1756,984,41.10196,42,1295,
284,E07000187,Mendip,Local Authorities,LA,27,109279,5915,3617,2296,6988,3450,2559,5359,5114,19551,23615,7956,11049,7064,2089,1076,41.90598,43,1150,
285,E07000188,Sedgemoor,Local Authorities,LA,23,114588,6321,3613,2348,6868,3055,2538,6193,5671,20023,24495,8482,12446,7753,2174,1092,42.40666,44,1295,
286,E07000189,South Somerset,Local Authorities,LA,43,161243,8771,5073,3316,9424,4005,3549,8513,8127,28304,33050,12252,17990,11750,3308,1777,42.92674,44,1753,
287,E07000190,Taunton Deane,Local Authorities,LA,34,110187,6266,3572,2271,6389,3117,2525,6226,6047,20244,22434,7504,10824,7647,2261,1280,41.81132,43,1247,
288,E07000191,West Somerset,Local Authorities,LA,18,34675,1444,833,548,1640,741,692,1744,1549,4616,7309,3113,5154,3374,1021,531,47.68761,51,285,
289,E07000192,Cannock Chase,Local Authorities,LA,9,97462,5871,3319,2086,5861,2573,2373,5893,6129,20369,19924,6109,8904,4966,1227,560,39.57322,40,1193,
290,E07000193,East Staffordshire,Local Authorities,LA,20,113583,7002,3927,2629,6694,3062,2612,6722,7199,22852,23248,6995,10369,6442,1554,766,39.81817,40,1400,
291,E07000194,Lichfield,Local Authorities,LA,17,100654,5285,3229,2152,5753,2507,2203,5232,5013,19250,21073,7525,11954,6030,1481,789,42.23426,44,1071,
292,E07000195,Newcastle-under-Lyme,Local Authorities,LA,19,123871,6314,3979,2389,6971,2914,4216,9545,6937,23269,24990,8434,12030,7633,1945,900,40.83402,41,1197,
293,E07000196,South Staffordshire,Local Authorities,LA,24,108131,4878,3141,2069,6236,2831,2523,6035,4972,19297,24174,8169,12717,7158,1763,867,43.16998,45,914,
294,E07000197,Stafford,Local Authorities,LA,34,130869,7007,4126,2457,7200,3203,3197,8009,7102,25379,27295,9167,13945,8038,2100,1191,41.81782,43,1307,
295,E07000198,Staffordshire Moorlands,Local Authorities,LA,18,97106,4671,2860,1940,5377,2398,2082,4760,4467,18071,21108,7839,11360,6551,1618,852,43.39872,45,885,
296,E07000199,Tamworth,Local Authorities,LA,4,76813,5061,2820,1722,4789,2022,1816,4744,5181,16164,15409,4987,6510,3460,808,366,38.55616,39,1004,
297,E07000200,Babergh,Local Authorities,LA,29,87740,4451,2983,1885,5476,2322,1675,3958,3795,15844,18485,6986,10010,6196,1660,890,43.11187,45,847,
298,E07000201,Forest Heath,Local Authorities,LA,5,59748,4123,2020,1203,3092,1210,1124,4675,5508,12519,10372,3582,5063,3332,909,390,38.75003,37,923,
299,E07000202,Ipswich,Local Authorities,LA,35,133384,9250,4835,2795,7552,3524,3556,9562,10877,28512,24398,7137,9601,7111,2011,1107,38.02066,36,1981,
300,E07000203,Mid Suffolk,Local Authorities,LA,33,96731,5266,3235,2159,5883,2410,1938,4537,4585,17602,20818,7546,10637,6280,1675,879,42.43697,44,1040,
301,E07000204,St Edmundsbury,Local Authorities,LA,23,111008,6663,3692,2343,6337,2830,2346,6493,7211,21776,21530,7507,11275,6799,1832,1084,40.95639,41,1335,
302,E07000205,Suffolk Coastal,Local Authorities,LA,30,124298,6243,3938,2547,7547,3225,2495,5325,4992,21059,26582,9918,14654,9919,2702,1530,44.15615,46,1181,
303,E07000206,Waveney,Local Authorities,LA,30,115254,6230,3538,2323,6417,2833,2544,5963,5714,19651,22241,8930,14001,9433,2585,1474,43.85141,45,1264,
304,E07000207,Elmbridge,Local Authorities,LA,42,130875,9358,5322,3317,8315,3258,2339,5109,6036,29607,27470,7668,10540,7316,2344,1318,39.76144,40,1885,
305,E07000208,Epsom and Ewell,Local Authorities,LA,16,75102,4628,2689,1726,4737,1988,1745,4182,3952,15912,15251,4766,6374,4267,1249,685,39.95808,40,882,
306,E07000209,Guildford,Local Authorities,LA,32,137183,8110,4663,2862,7466,3011,4443,11292,9268,28757,26494,7931,10858,7329,2020,1186,38.99435,38,1618,
307,E07000210,Mole Valley,Local Authorities,LA,23,85375,4604,2839,1893,5348,2271,1630,3559,3753,16101,18662,5930,8872,6117,1704,981,42.69614,44,884,
308,E07000211,Reigate and Banstead,Local Authorities,LA,45,137835,9153,4978,3113,8218,3322,2706,6965,8147,30497,27889,8466,11181,7701,2427,1424,39.87151,40,1816,
309,E07000212,Runnymede,Local Authorities,LA,14,80510,4802,2531,1537,4147,1708,2913,6967,4512,16758,15710,4617,6608,4803,1350,707,39.65069,39,982,
310,E07000213,Spelthorne,Local Authorities,LA,18,95598,6017,3200,1965,5175,2260,1984,5179,5940,20700,19735,5611,8507,5841,1547,785,40.44336,41,1235,
311,E07000214,Surrey Heath,Local Authorities,LA,16,86144,5129,3145,2008,5464,2288,1747,4207,4581,18306,18481,5287,7668,4909,1182,646,40.18877,41,981,
312,E07000215,Tandridge,Local Authorities,LA,17,82998,4886,2895,1820,5391,2253,1647,3997,3905,16255,17898,5612,7890,5174,1417,874,41.28989,43,913,
313,E07000216,Waverley,Local Authorities,LA,39,121572,7341,4548,2787,7727,3523,2696,5101,5248,24065,24987,8036,11961,7990,2368,1503,41.48431,42,1332,
314,E07000217,Woking,Local Authorities,LA,26,99198,7278,3722,2281,5578,2263,1903,4961,6812,23593,19355,5455,7380,5137,1527,799,38.67279,38,1505,
315,E07000218,North Warwickshire,Local Authorities,LA,6,62014,3285,1920,1289,3730,1559,1358,3219,3281,12072,13679,4496,6506,3554,913,412,41.67654,43,706,
316,E07000219,Nuneaton and Bedworth,Local Authorities,LA,20,125252,7925,4279,2740,7412,3302,2937,7453,7971,25407,25224,8028,11768,6761,1611,782,39.70523,40,1663,
317,E07000220,Rugby,Local Authorities,LA,17,100075,6269,3483,2165,6149,2718,2136,5182,6322,20887,20048,6062,9404,5556,1545,829,39.99012,40,1294,
318,E07000221,Stratford-on-Avon,Local Authorities,LA,37,120485,5965,3718,2458,6849,2936,2348,5257,5382,21697,26501,9341,14266,8692,2317,1305,43.81755,46,1105,
319,E07000222,Warwick,Local Authorities,LA,35,137648,7920,4351,2777,7127,2999,3604,11623,9321,28855,26409,8190,11882,7725,2277,1166,39.74561,39,1631,
320,E07000223,Adur,Local Authorities,LA,10,61182,3537,1899,1211,3173,1501,1256,2982,3131,11842,12132,4301,6715,4684,1348,687,43.01169,44,711,
321,E07000224,Arun,Local Authorities,LA,59,149518,7386,4180,2788,7416,3139,3208,7443,7314,25426,28947,11359,19235,13595,4116,2382,45.4579,47,1448,
322,E07000225,Chichester,Local Authorities,LA,38,113794,5652,3375,2255,6092,2368,2890,6200,5150,18823,23286,8550,13770,9832,2761,1531,44.53028,46,1101,
323,E07000226,Crawley,Local Authorities,LA,15,106597,8071,4074,2412,6244,2652,2320,6816,9044,25372,19715,5162,6267,5154,1421,626,36.83262,35,1712,
324,E07000227,Horsham,Local Authorities,LA,33,131301,7151,4379,2872,8469,3551,2653,5660,5858,25242,29115,9109,13130,8717,2356,1367,42.11881,44,1361,
325,E07000228,Mid Sussex,Local Authorities,LA,48,139860,8343,5028,3147,8755,3700,2693,6490,7510,28500,29267,9288,12804,8605,2425,1473,40.98905,42,1580,
326,E07000229,Worthing,Local Authorities,LA,64,104640,6346,3438,2121,5584,2270,2209,5497,6013,21286,20546,6576,9941,7555,2504,1574,42.15222,42,1257,
327,E07000234,Bromsgrove,Local Authorities,LA,28,93637,4822,3008,1912,5529,2489,2004,4677,4250,17643,20452,6457,9835,6535,1771,994,42.64558,44,961,
328,E07000235,Malvern Hills,Local Authorities,LA,32,74631,3297,2158,1485,4448,2191,1603,3146,2919,11945,16277,6157,9274,5996,1781,930,44.92018,47,649,
329,E07000236,Redditch,Local Authorities,LA,7,84214,5629,3064,1822,4996,2154,1875,5175,5995,17968,16989,5616,6751,3649,986,498,38.56132,38,1158,
330,E07000237,Worcester,Local Authorities,LA,14,98768,6359,3426,2146,5445,2332,3142,7417,7080,21430,18721,5560,7700,4917,1305,687,38.31818,37,1335,
331,E07000238,Wychavon,Local Authorities,LA,27,116944,5743,3668,2353,6679,2856,2401,5361,5368,21193,25751,9094,13457,8132,2244,1182,43.50948,45,1105,
332,E07000239,Wyre Forest,Local Authorities,LA,25,97975,5256,2988,1983,5416,2265,2127,5142,5271,18483,19635,7804,11604,6352,1673,834,42.69188,44,1114,
333,E08000001,Bolton,Local Authorities,LA,43,276786,18765,10383,6495,17793,7483,6799,18071,18285,56720,52967,16845,23553,13659,3652,1676,38.4274,38,3790,
334,E08000002,Bury,Local Authorities,LA,40,185060,12235,6875,4233,11361,4827,4297,10688,11622,37977,37272,11712,16292,9623,2397,1228,39.21553,40,2548,
335,E08000003,Manchester,Local Authorities,LA,56,503127,36413,18059,10558,26785,10734,21965,66998,56595,111440,72197,18236,24767,16404,4226,2147,33.21533,29,7660,
336,E08000004,Oldham,Local Authorities,LA,34,224897,16491,9353,6069,15337,6098,5749,14586,15177,44945,42055,12875,18280,10465,2760,1448,37.4315,37,3231,
337,E08000005,Rochdale,Local Authorities,LA,25,211699,14754,8177,4971,13925,5989,5480,14005,14111,42914,41147,12454,16642,10367,2632,1175,37.91879,38,2977,
338,E08000006,Salford,Local Authorities,LA,33,233933,16255,8146,4865,12969,5543,6642,19537,20989,48801,41704,12358,17543,11144,3012,1507,37.35378,35,3549,
339,E08000007,Stockport,Local Authorities,LA,55,283275,17342,9772,6036,16759,7169,6162,15184,15896,57069,59052,18263,26515,17762,4441,2309,40.76601,41,3443,
340,E08000008,Tameside,Local Authorities,LA,33,219324,14439,7727,4728,13029,5787,5415,13744,14320,44882,44400,13867,19044,10977,2822,1358,39.10278,39,3022,
341,E08000009,Trafford,Local Authorities,LA,37,226578,14870,8531,5501,14076,5907,4773,11776,13764,49221,46226,12814,18325,12899,3371,1678,39.28137,39,2919,
342,E08000010,Wigan,Local Authorities,LA,34,317849,19681,11178,6866,18270,8064,7477,19310,20174,66112,63840,21199,30319,15930,3682,1718,39.63527,40,3886,
343,E08000011,Knowsley,Local Authorities,LA,13,145893,9121,5107,3205,9200,4120,3968,9846,9229,27369,31470,8209,11944,8706,1688,676,39.10665,40,1849,
344,E08000012,Liverpool,Local Authorities,LA,65,466415,26099,13590,8664,24315,10811,18329,50636,39966,92015,86674,24418,34027,23709,5307,2423,37.67293,35,5521,
345,E08000013,St. Helens,Local Authorities,LA,22,175308,10269,5684,3587,10212,4466,4309,10522,10501,34137,35782,12255,17612,10294,2402,1092,40.7216,41,2092,
346,E08000014,Sefton,Local Authorities,LA,82,273790,14601,8301,5467,15672,6979,6349,15915,14915,47606,59240,18420,28773,20712,4931,2595,42.53627,44,3028,
347,E08000015,Wirral,Local Authorities,LA,70,319783,18514,10791,6886,19005,8436,7338,18069,17939,58992,67018,21740,31319,21313,5481,2853,41.35912,42,3667,
348,E08000016,Barnsley,Local Authorities,LA,25,231221,13957,7798,4764,13378,5804,5597,13533,14446,45725,48377,14843,22080,13250,3279,1401,40.3647,41,2813,
349,E08000017,Doncaster,Local Authorities,LA,53,302402,19220,10558,6514,17407,7907,7236,19417,20239,58258,61864,18847,27109,17660,4346,2026,39.80119,40,3875,
350,E08000018,Rotherham,Local Authorities,LA,45,257280,15738,8923,5722,15664,6797,6205,15227,15422,49874,52987,16664,24783,14560,3684,1815,40.19384,41,3070,
351,E08000019,Sheffield,Local Authorities,LA,103,552698,33977,18825,11512,30193,12627,23505,56134,38805,110267,96291,28687,44688,29237,7600,4173,37.87233,36,6799,
352,E08000020,Gateshead,Local Authorities,LA,26,200214,11869,6323,3987,10880,4778,4953,12104,14059,40466,40515,12596,18608,12412,2897,1328,40.45148,40,2530,
353,E08000021,Newcastle upon Tyne,Local Authorities,LA,49,280177,16522,8534,5501,14488,6156,13311,36012,22948,51972,48952,14133,19380,13857,3578,1904,36.90711,33,3539,
354,E08000022,North Tyneside,Local Authorities,LA,49,200801,11732,6577,4076,10921,4631,4421,10908,12411,41644,42719,13059,18096,12487,3155,1557,40.94288,41,2378,
355,E08000023,South Tyneside,Local Authorities,LA,38,148127,8182,4619,2932,8233,3735,3797,9447,8901,27436,32394,9637,13634,9632,2503,1084,41.1694,42,1647,
356,E08000024,Sunderland,Local Authorities,LA,42,275506,15378,8599,5534,15355,6753,7708,19709,16945,52854,58541,18011,25031,16600,3576,1586,40.40563,41,3008,
357,E08000025,Birmingham,Local Authorities,LA,166,1073045,81901,45952,28408,73659,29453,36063,93914,85601,222658,176026,46435,70102,49043,12656,6412,35.28922,32,16390,
358,E08000026,Coventry,Local Authorities,LA,49,316960,22476,11359,7043,17831,7571,12526,30610,24848,63574,53371,15356,24015,15543,4404,2288,36.84813,34,4739,
359,E08000027,Dudley,Local Authorities,LA,39,312925,18867,10971,6963,18539,8226,7473,18141,18947,61670,61220,19547,31502,19797,4673,2225,40.49379,41,3747,
360,E08000028,Sandwell,Local Authorities,LA,40,308063,22669,12529,7665,19333,8142,8040,20793,23085,64814,54884,15230,24520,16136,4096,2089,37.44231,36,4458,
361,E08000029,Solihull,Local Authorities,LA,48,206674,11555,7099,4612,13111,5836,4766,11365,10664,38418,43018,13830,20463,13632,3621,1880,41.26337,42,2275,
362,E08000030,Walsall,Local Authorities,LA,44,269323,18373,10401,6570,17266,7237,6840,17504,17690,52593,50223,15221,24666,15752,3706,1691,38.80546,39,3749,
363,E08000031,Wolverhampton,Local Authorities,LA,43,249470,16687,8971,5471,15095,6705,6824,17988,17947,51399,45574,12981,20565,14468,3768,1828,38.51515,37,3543,
364,E08000032,Bradford,Local Authorities,LA,109,522452,41167,22903,14579,36268,14248,13706,35679,38810,108439,93087,26760,35488,24300,6493,3111,36.20382,34,8219,
365,E08000033,Calderdale,Local Authorities,LA,29,203826,12906,7403,4579,12563,5163,4736,11421,12089,41938,42482,13344,17593,10585,2831,1463,39.61693,40,2617,
366,E08000034,Kirklees,Local Authorities,LA,68,422458,28331,15976,10051,26177,10669,11264,28826,27475,86893,81187,25845,35035,21092,5316,2707,38.41693,38,5694,
367,E08000035,Leeds,Local Authorities,LA,111,751485,47844,25177,15404,40167,17178,26756,71874,59860,155762,132786,40178,56455,38561,9600,4982,37.64933,35,9942,
368,E08000036,Wakefield,Local Authorities,LA,48,325837,19545,10931,6712,18774,8374,7567,19566,20773,65311,67843,21221,30342,18138,4504,2158,40.22705,41,3898,
369,E09000002,Barking and Dagenham,Local Authorities,LA,29,185911,18676,8989,5342,12757,5246,4805,13053,14971,43463,29955,6799,9276,6982,2102,961,33.43094,32,3735,
370,E09000003,Barnet,Local Authorities,LA,127,356386,26239,13804,8548,21293,8839,7391,23913,31425,83864,62376,16912,23723,16034,4785,2890,36.81513,35,5439,
371,E09000004,Bexley,Local Authorities,LA,38,231997,15182,8535,5480,15018,6574,5903,14832,14041,47146,45928,12795,18695,13408,3403,1706,38.81379,39,2975,
372,E09000005,Brent,Local Authorities,LA,39,311215,22446,11521,7127,17942,7607,7261,24198,34698,76288,53462,12268,17944,11137,2408,1187,35.01982,32,4783,
373,E09000006,Bromley,Local Authorities,LA,68,309392,20095,11161,6900,18612,7912,6182,16119,17887,68132,62045,18492,25770,18452,5086,2729,39.89845,40,3963,
374,E09000007,Camden,Local Authorities,LA,29,220338,13168,6781,4117,9594,3540,7178,21863,25923,59573,33564,9255,12937,7897,2048,1095,35.70132,33,2889,
375,E09000008,Croydon,Local Authorities,LA,56,363378,27972,14388,8708,23130,9934,8720,23591,27692,82439,70488,17029,23155,15318,3881,2021,36.35381,35,5730,
376,E09000009,Ealing,Local Authorities,LA,79,338449,25426,12595,7790,19043,7728,6922,24552,33998,87446,58503,14196,19419,12152,3023,1633,35.43642,33,5414,
377,E09000010,Enfield,Local Authorities,LA,49,312466,24513,13047,7883,20305,8547,7711,21726,24957,70185,56854,13652,20392,13159,3449,1833,35.8829,34,4995,
378,E09000011,Greenwich,Local Authorities,LA,36,254557,20945,10443,5882,14984,5978,6943,19987,22113,65585,42269,10172,13675,8692,2452,1297,34.56843,33,4307,
379,E09000012,Hackney,Local Authorities,LA,25,246270,19149,9618,5742,13878,5270,5402,21685,33838,68805,35479,7271,9673,5775,1324,623,32.35318,30,4222,
380,E09000013,Hammersmith and Fulham,Local Authorities,LA,19,182493,11900,5446,3113,7621,2883,3483,17279,26021,52859,27248,6677,9102,5300,1297,714,34.73397,32,2745,
381,E09000014,Haringey,Local Authorities,LA,20,254926,18112,9798,5977,15234,5600,5704,18835,28062,71358,41685,9243,12575,7373,1576,845,34.16248,32,3785,
382,E09000015,Harrow,Local Authorities,LA,53,239056,15916,9007,5414,14590,6604,5369,16066,19345,53358,44579,12010,17420,11659,2982,1606,37.55818,36,3215,
383,E09000016,Havering,Local Authorities,LA,47,237232,13661,8143,5087,14365,6439,5787,14976,14662,46289,47853,14561,20561,15660,4196,1860,40.35905,40,2628,
384,E09000017,Hillingdon,Local Authorities,LA,43,273936,19704,10494,6421,16877,7227,8409,21934,20878,61198,49433,12786,18061,12425,3036,1656,36.37698,35,3947,
385,E09000018,Hounslow,Local Authorities,LA,28,253957,19725,9412,5487,13945,5954,5759,18612,26231,64753,43411,10845,14592,8982,2220,1065,35.24354,33,4223,
386,E09000019,Islington,Local Authorities,LA,16,206125,12289,5900,3683,9118,3560,5405,20453,29744,57433,31441,7228,9885,6020,1443,688,34.51397,31,2676,
387,E09000020,Kensington and Chelsea,Local Authorities,LA,26,158649,9189,4765,2849,6442,2308,3030,11322,16602,45177,28537,8176,10928,5720,1539,928,37.79165,36,1946,
388,E09000021,Kingston upon Thames,Local Authorities,LA,26,160060,10964,5647,3319,8541,3422,4643,13505,12358,38920,28602,7982,10241,6775,2136,1206,37.01358,35,2317,
389,E09000022,Lambeth,Local Authorities,LA,26,303086,20701,10196,6180,14754,5576,5527,26702,43135,87291,47870,9012,12617,7725,1936,909,33.7,31,4517,
390,E09000023,Lewisham,Local Authorities,LA,36,275885,22004,10580,6085,15268,6371,6557,20883,26465,74795,47754,9789,13641,9013,2271,1210,34.55285,33,4679,
391,E09000024,Merton,Local Authorities,LA,35,199693,14830,7225,4182,10474,4418,3849,12452,19877,53663,34682,8777,11880,7965,2105,1172,36.2861,34,3204,
392,E09000025,Newham,Local Authorities,LA,23,307984,25384,12846,7988,19587,7934,8388,32586,40437,76602,43017,8533,11461,6796,1567,769,31.26153,29,5362,
393,E09000026,Redbridge,Local Authorities,LA,53,278970,21666,11561,7363,18579,7527,6721,18894,23814,64231,48962,12578,16817,11553,3225,1790,35.63186,34,4318,
394,E09000027,Richmond upon Thames,Local Authorities,LA,52,186990,14038,6986,4121,9827,3621,3498,9145,12546,49396,36408,10142,13023,8234,2503,1536,38.26487,38,2993,
395,E09000028,Southwark,Local Authorities,LA,21,288283,20739,9836,5726,14097,5656,7326,26996,35725,80522,47275,9072,11979,7466,1949,935,33.72556,32,4670,
396,E09000029,Sutton,Local Authorities,LA,48,190146,12750,6897,4198,11673,5097,3920,10657,13185,44453,37247,10366,13785,9448,2637,1363,38.33777,38,2574,
397,E09000030,Tower Hamlets,Local Authorities,LA,18,254096,18750,9697,5834,13202,4953,7010,30818,40157,70245,29337,5863,8169,5611,1256,534,30.93429,29,4065,
398,E09000031,Waltham Forest,Local Authorities,LA,38,258249,20839,10359,6104,14760,6234,5951,20604,26508,65523,42962,9783,13413,8629,2267,1257,34.44874,32,4403,
399,E09000032,Wandsworth,Local Authorities,LA,47,306995,21670,9230,5344,12521,4621,5541,23699,47217,93803,43539,10658,14455,8763,2355,1338,34.47673,32,5188,
400,E41000052,"Cornwall, Isles of Scilly",Local Authorities,LA,176,534476,27471,15779,10399,30086,12582,12722,28468,26508,94025,111354,42783,62038,37911,10255,5543,,,5584,
401,E41000324,"City of London, Westminster",Local Authorities,LA,26,226771,12853,6188,3720,8834,3446,5139,18035,28454,66159,37117,9668,13794,8538,2117,1100,,,2878,
